experiment,model,nfe,solver,skip_type,num_samples,fid,ctx_frac
2025-07-21_22-38_playful_xenon,latest_ema,1,dpm_solver_2,time_uniform,1000,69.5,
2025-07-21_22-38_playful_xenon,latest_ema,2,dpm_solver_2,time_uniform,1000,57.25,
2025-07-21_22-38_playful_xenon,latest_ema,3,dpm_solver_2,time_uniform,1000,50.84375,
2025-07-21_22-38_playful_xenon,latest_ema,4,dpm_solver_2,time_uniform,1000,46.8125,
2025-07-21_22-38_playful_xenon,latest_ema,5,dpm_solver_2,time_uniform,1000,44.53125,
2025-07-21_22-38_playful_xenon,latest_ema,8,dpm_solver_2,logSNR,1000,36.6875,
2025-07-21_22-38_playful_xenon,latest_ema,12,dpm_solver_2,logSNR,1000,35.90625,
2025-07-21_22-38_playful_xenon,latest_ema,20,dpm_solver_2,logSNR,1000,35.84375,
2025-07-21_22-38_playful_xenon,latest_ema,50,dpm_solver_2,logSNR,1000,35.8125,
2025-07-23_15-24_sassy_unicorn_better_cnp,latest_ema,1,dpm_solver_2,time_uniform,1000,59.40625,
2025-07-23_15-24_sassy_unicorn_better_cnp,latest_ema,2,dpm_solver_2,time_uniform,1000,48.90625,
2025-07-23_15-24_sassy_unicorn_better_cnp,latest_ema,3,dpm_solver_2,time_uniform,1000,42.5625,
2025-07-23_15-24_sassy_unicorn_better_cnp,latest_ema,4,dpm_solver_2,time_uniform,1000,38.78125,
2025-07-23_15-24_sassy_unicorn_better_cnp,latest_ema,5,dpm_solver_2,time_uniform,1000,37.125,
2025-07-23_15-24_sassy_unicorn_better_cnp,latest_ema,8,dpm_solver_2,logSNR,1000,35.875,
2025-07-23_15-24_sassy_unicorn_better_cnp,latest_ema,12,dpm_solver_2,logSNR,1000,35.65625,
2025-07-23_15-24_sassy_unicorn_better_cnp,latest_ema,20,dpm_solver_2,logSNR,1000,35.5625,
2025-07-23_15-24_sassy_unicorn_better_cnp,latest_ema,50,dpm_solver_2,logSNR,1000,35.5625,
2025-07-21_22-38_playful_xenon,latest_ema,1,heun2,time_uniform,1000,454.5,
2025-07-21_22-38_playful_xenon,latest_ema,2,heun2,time_uniform,1000,316.75,
2025-07-21_22-38_playful_xenon,latest_ema,3,heun2,time_uniform,1000,316.75,
2025-07-21_22-38_playful_xenon,latest_ema,4,heun2,time_uniform,1000,201.0,
2025-07-21_22-38_playful_xenon,latest_ema,5,heun2,time_uniform,1000,201.0,
2025-07-21_22-38_playful_xenon,latest_ema,8,heun2,logSNR,1000,200.75,
2025-07-21_22-38_playful_xenon,latest_ema,12,heun2,logSNR,1000,192.75,
2025-07-21_22-38_playful_xenon,latest_ema,20,heun2,logSNR,1000,90.125,
2025-07-21_22-38_playful_xenon,latest_ema,50,heun2,logSNR,1000,36.40625,
2025-07-23_15-24_sassy_unicorn_better_cnp,latest_ema,1,heun2,time_uniform,1000,148.5,
2025-07-23_15-24_sassy_unicorn_better_cnp,latest_ema,2,heun2,time_uniform,1000,115.4375,
2025-07-23_15-24_sassy_unicorn_better_cnp,latest_ema,3,heun2,time_uniform,1000,115.4375,
2025-07-23_15-24_sassy_unicorn_better_cnp,latest_ema,4,heun2,time_uniform,1000,62.5625,
2025-07-23_15-24_sassy_unicorn_better_cnp,latest_ema,5,heun2,time_uniform,1000,62.5625,
2025-07-23_15-24_sassy_unicorn_better_cnp,latest_ema,8,heun2,logSNR,1000,62.53125,
2025-07-23_15-24_sassy_unicorn_better_cnp,latest_ema,12,heun2,logSNR,1000,62.15625,
2025-07-23_15-24_sassy_unicorn_better_cnp,latest_ema,20,heun2,logSNR,1000,49.59375,
2025-07-23_15-24_sassy_unicorn_better_cnp,latest_ema,50,heun2,logSNR,1000,35.46875,
2025-07-21_22-38_playful_xenon,latest_ema,1,midpoint,time_uniform,1000,454.5,
2025-07-21_22-38_playful_xenon,latest_ema,2,midpoint,time_uniform,1000,47.46875,
2025-07-21_22-38_playful_xenon,latest_ema,3,midpoint,time_uniform,1000,47.46875,
2025-07-21_22-38_playful_xenon,latest_ema,4,midpoint,time_uniform,1000,42.46875,
2025-07-21_22-38_playful_xenon,latest_ema,5,midpoint,time_uniform,1000,42.46875,
2025-07-21_22-38_playful_xenon,latest_ema,8,midpoint,logSNR,1000,42.4375,
2025-07-21_22-38_playful_xenon,latest_ema,12,midpoint,logSNR,1000,42.21875,
2025-07-21_22-38_playful_xenon,latest_ema,20,midpoint,logSNR,1000,39.3125,
2025-07-21_22-38_playful_xenon,latest_ema,50,midpoint,logSNR,1000,36.15625,
2025-07-23_15-24_sassy_unicorn_better_cnp,latest_ema,1,midpoint,time_uniform,1000,148.5,
2025-07-23_15-24_sassy_unicorn_better_cnp,latest_ema,2,midpoint,time_uniform,1000,39.0625,
2025-07-23_15-24_sassy_unicorn_better_cnp,latest_ema,3,midpoint,time_uniform,1000,39.0625,
2025-07-23_15-24_sassy_unicorn_better_cnp,latest_ema,4,midpoint,time_uniform,1000,36.21875,
2025-07-23_15-24_sassy_unicorn_better_cnp,latest_ema,5,midpoint,time_uniform,1000,36.21875,
2025-07-23_15-24_sassy_unicorn_better_cnp,latest_ema,8,midpoint,logSNR,1000,36.21875,
2025-07-23_15-24_sassy_unicorn_better_cnp,latest_ema,12,midpoint,logSNR,1000,36.21875,
2025-07-23_15-24_sassy_unicorn_better_cnp,latest_ema,20,midpoint,logSNR,1000,36.0625,
2025-07-23_15-24_sassy_unicorn_better_cnp,latest_ema,50,midpoint,logSNR,1000,35.65625,
2025-07-21_22-38_playful_xenon,latest_ema,100,midpoint,logSNR,1000,35.90625,
2025-07-23_15-24_sassy_unicorn_better_cnp,latest_ema,100,midpoint,logSNR,1000,35.5625,
2025-07-21_22-38_playful_xenon,latest_ema,1,dpm_solver_3,time_uniform,1000,69.5,
2025-07-21_22-38_playful_xenon,latest_ema,2,dpm_solver_3,time_uniform,1000,57.25,
2025-07-21_22-38_playful_xenon,latest_ema,3,dpm_solver_3,time_uniform,1000,50.84375,
2025-07-21_22-38_playful_xenon,latest_ema,4,dpm_solver_3,time_uniform,1000,46.8125,
2025-07-21_22-38_playful_xenon,latest_ema,5,dpm_solver_3,time_uniform,1000,44.46875,
2025-07-21_22-38_playful_xenon,latest_ema,8,dpm_solver_3,logSNR,1000,36.75,
2025-07-21_22-38_playful_xenon,latest_ema,12,dpm_solver_3,logSNR,1000,36.1875,
2025-07-21_22-38_playful_xenon,latest_ema,20,dpm_solver_3,logSNR,1000,35.84375,
2025-07-21_22-38_playful_xenon,latest_ema,50,dpm_solver_3,logSNR,1000,35.8125,
2025-07-23_15-24_sassy_unicorn_better_cnp,latest_ema,1,dpm_solver_3,time_uniform,1000,59.40625,
2025-07-23_15-24_sassy_unicorn_better_cnp,latest_ema,2,dpm_solver_3,time_uniform,1000,48.90625,
2025-07-23_15-24_sassy_unicorn_better_cnp,latest_ema,3,dpm_solver_3,time_uniform,1000,42.5625,
2025-07-23_15-24_sassy_unicorn_better_cnp,latest_ema,4,dpm_solver_3,time_uniform,1000,38.78125,
2025-07-23_15-24_sassy_unicorn_better_cnp,latest_ema,5,dpm_solver_3,time_uniform,1000,37.0,
2025-07-23_15-24_sassy_unicorn_better_cnp,latest_ema,8,dpm_solver_3,logSNR,1000,36.75,
2025-07-23_15-24_sassy_unicorn_better_cnp,latest_ema,12,dpm_solver_3,logSNR,1000,35.65625,
2025-07-23_15-24_sassy_unicorn_better_cnp,latest_ema,20,dpm_solver_3,logSNR,1000,35.5625,
2025-07-23_15-24_sassy_unicorn_better_cnp,latest_ema,50,dpm_solver_3,logSNR,1000,35.5625,
2025-07-21_22-38_playful_xenon,latest_ema,1,euler,time_uniform,1000,69.0625,
2025-07-21_22-38_playful_xenon,latest_ema,2,euler,time_uniform,1000,57.65625,
2025-07-21_22-38_playful_xenon,latest_ema,3,euler,time_uniform,1000,51.5625,
2025-07-21_22-38_playful_xenon,latest_ema,4,euler,time_uniform,1000,48.125,
2025-07-21_22-38_playful_xenon,latest_ema,5,euler,time_uniform,1000,46.0,
2025-07-21_22-38_playful_xenon,latest_ema,8,euler,logSNR,1000,55.84375,
2025-07-21_22-38_playful_xenon,latest_ema,12,euler,logSNR,1000,50.71875,
2025-07-21_22-38_playful_xenon,latest_ema,20,euler,logSNR,1000,43.28125,
2025-07-21_22-38_playful_xenon,latest_ema,50,euler,logSNR,1000,37.6875,
2025-07-21_22-38_playful_xenon,latest_ema,100,euler,logSNR,1000,36.46875,
2025-07-23_15-24_sassy_unicorn_better_cnp,latest_ema,1,euler,time_uniform,1000,59.4375,
2025-07-21_22-38_playful_xenon,latest_ema,8,euler,time_uniform,1000,42.625,
2025-07-21_22-38_playful_xenon,latest_ema,12,euler,time_uniform,1000,40.53125,
2025-07-21_22-38_playful_xenon,latest_ema,20,euler,time_uniform,1000,38.75,
2025-07-21_22-38_playful_xenon,latest_ema,50,euler,time_uniform,1000,36.9375,
2025-07-21_22-38_playful_xenon,latest_ema,100,euler,time_uniform,1000,36.34375,
2025-07-23_15-24_sassy_unicorn_better_cnp,latest_ema,2,euler,time_uniform,1000,49.0,
2025-07-23_15-24_sassy_unicorn_better_cnp,latest_ema,3,euler,time_uniform,1000,43.5,
2025-07-23_15-24_sassy_unicorn_better_cnp,latest_ema,4,euler,time_uniform,1000,40.71875,
2025-07-23_15-24_sassy_unicorn_better_cnp,latest_ema,5,euler,time_uniform,1000,39.1875,
2025-07-23_15-24_sassy_unicorn_better_cnp,latest_ema,8,euler,time_uniform,1000,37.21875,
2025-07-23_15-24_sassy_unicorn_better_cnp,latest_ema,12,euler,time_uniform,1000,36.375,
2025-07-23_15-24_sassy_unicorn_better_cnp,latest_ema,20,euler,time_uniform,1000,35.875,
2025-07-23_15-24_sassy_unicorn_better_cnp,latest_ema,50,euler,time_uniform,1000,35.59375,
2025-07-23_15-24_sassy_unicorn_better_cnp,latest_ema,100,euler,time_uniform,1000,35.5625,
2025-07-21_22-38_playful_xenon,latest_ema,100,dpm_solver_3,logSNR,1000,35.8125,
2025-07-21_22-38_playful_xenon,latest_ema,100,heun2,logSNR,1000,35.71875,
2025-07-23_15-24_sassy_unicorn_better_cnp,latest_ema,100,dpm_solver_3,logSNR,1000,35.5625,
2025-07-23_15-24_sassy_unicorn_better_cnp,latest_ema,100,heun2,logSNR,1000,35.46875,
2025-07-21_22-38_playful_xenon,latest_ema,6,euler,time_uniform,1000,44.5625,
2025-07-21_22-38_playful_xenon,latest_ema,6,dpm_solver_3,logSNR,1000,38.21875,
2025-07-21_22-38_playful_xenon,latest_ema,6,midpoint,logSNR,1000,47.28125,
2025-07-21_22-38_playful_xenon,latest_ema,6,heun2,logSNR,1000,307.25,
2025-07-23_15-24_sassy_unicorn_better_cnp,latest_ema,6,euler,time_uniform,1000,38.25,
2025-07-23_15-24_sassy_unicorn_better_cnp,latest_ema,6,dpm_solver_3,logSNR,1000,36.46875,
2025-07-23_15-24_sassy_unicorn_better_cnp,latest_ema,6,midpoint,logSNR,1000,39.03125,
2025-07-23_15-24_sassy_unicorn_better_cnp,latest_ema,6,heun2,logSNR,1000,115.125,
2025-07-21_22-38_playful_xenon,latest_ema,6,dpm_solver_3,time_uniform,1000,42.875,
2025-07-21_22-38_playful_xenon,latest_ema,6,midpoint,time_uniform,1000,40.375,
2025-07-21_22-38_playful_xenon,latest_ema,6,heun2,time_uniform,1000,157.625,
2025-07-21_22-38_playful_xenon,latest_ema,8,dpm_solver_3,time_uniform,1000,40.84375,
2025-07-21_22-38_playful_xenon,latest_ema,8,midpoint,time_uniform,1000,39.34375,
2025-07-21_22-38_playful_xenon,latest_ema,8,heun2,time_uniform,1000,133.0,
2025-07-21_22-38_playful_xenon,latest_ema,12,dpm_solver_3,time_uniform,1000,38.90625,
2025-07-21_22-38_playful_xenon,latest_ema,12,midpoint,time_uniform,1000,38.21875,
2025-07-21_22-38_playful_xenon,latest_ema,12,heun2,time_uniform,1000,104.9375,
2025-07-21_22-38_playful_xenon,latest_ema,20,dpm_solver_3,time_uniform,1000,37.5,
2025-07-21_22-38_playful_xenon,latest_ema,20,midpoint,time_uniform,1000,37.125,
2025-07-21_22-38_playful_xenon,latest_ema,20,heun2,time_uniform,1000,75.4375,
2025-07-21_22-38_playful_xenon,latest_ema,50,dpm_solver_3,time_uniform,1000,36.25,
2025-07-21_22-38_playful_xenon,latest_ema,50,midpoint,time_uniform,1000,36.15625,
2025-07-21_22-38_playful_xenon,latest_ema,50,heun2,time_uniform,1000,43.9375,
2025-07-21_22-38_playful_xenon,latest_ema,100,dpm_solver_3,time_uniform,1000,35.96875,
2025-07-21_22-38_playful_xenon,latest_ema,100,midpoint,time_uniform,1000,35.90625,
2025-07-21_22-38_playful_xenon,latest_ema,100,heun2,time_uniform,1000,36.75,
2025-07-23_15-24_sassy_unicorn_better_cnp,latest_ema,6,dpm_solver_3,time_uniform,1000,36.25,
2025-07-23_15-24_sassy_unicorn_better_cnp,latest_ema,6,midpoint,time_uniform,1000,35.78125,
2025-07-23_15-24_sassy_unicorn_better_cnp,latest_ema,6,heun2,time_uniform,1000,46.75,
2025-07-23_15-24_sassy_unicorn_better_cnp,latest_ema,8,dpm_solver_3,time_uniform,1000,35.71875,
2025-07-23_15-24_sassy_unicorn_better_cnp,latest_ema,8,midpoint,time_uniform,1000,35.65625,
2025-07-23_15-24_sassy_unicorn_better_cnp,latest_ema,8,heun2,time_uniform,1000,40.6875,
2025-07-23_15-24_sassy_unicorn_better_cnp,latest_ema,12,dpm_solver_3,time_uniform,1000,35.53125,
2025-07-23_15-24_sassy_unicorn_better_cnp,latest_ema,12,midpoint,time_uniform,1000,35.625,
2025-07-23_15-24_sassy_unicorn_better_cnp,latest_ema,12,heun2,time_uniform,1000,36.90625,
2025-07-23_15-24_sassy_unicorn_better_cnp,latest_ema,20,dpm_solver_3,time_uniform,1000,35.5,
2025-07-23_15-24_sassy_unicorn_better_cnp,latest_ema,20,midpoint,time_uniform,1000,35.5625,
2025-07-23_15-24_sassy_unicorn_better_cnp,latest_ema,20,heun2,time_uniform,1000,35.6875,
2025-07-23_15-24_sassy_unicorn_better_cnp,latest_ema,50,dpm_solver_3,time_uniform,1000,35.53125,
2025-07-23_15-24_sassy_unicorn_better_cnp,latest_ema,50,midpoint,time_uniform,1000,35.53125,
2025-07-23_15-24_sassy_unicorn_better_cnp,latest_ema,50,heun2,time_uniform,1000,35.53125,
2025-07-23_15-24_sassy_unicorn_better_cnp,latest_ema,100,dpm_solver_3,time_uniform,1000,35.5625,
2025-07-23_15-24_sassy_unicorn_better_cnp,latest_ema,100,midpoint,time_uniform,1000,35.5625,
2025-07-23_15-24_sassy_unicorn_better_cnp,latest_ema,100,heun2,time_uniform,1000,35.53125,
2025-07-21_22-38_playful_xenon,latest_ema,4,dpm_solver_3,logSNR,1000,44.4375,
2025-07-21_22-38_playful_xenon,latest_ema,5,dpm_solver_3,logSNR,1000,39.5,
2025-07-23_15-24_sassy_unicorn_better_cnp,latest_ema,4,dpm_solver_3,logSNR,1000,39.28125,
2025-07-23_15-24_sassy_unicorn_better_cnp,latest_ema,5,dpm_solver_3,logSNR,1000,36.8125,
2025-07-21_22-38_playful_xenon,latest_ema,4,dpm_solver_3,edm,1000,54.25,
2025-07-21_22-38_playful_xenon,latest_ema,5,dpm_solver_3,edm,1000,49.0625,
2025-07-23_15-24_sassy_unicorn_better_cnp,latest_ema,4,dpm_solver_3,edm,1000,45.90625,
2025-07-23_15-24_sassy_unicorn_better_cnp,latest_ema,5,dpm_solver_3,edm,1000,42.03125,
2025-07-21_22-38_playful_xenon,latest_ema,3,dpm_solver_3,logSNR,1000,53.46875,
2025-07-23_15-24_sassy_unicorn_better_cnp,latest_ema,3,dpm_solver_3,logSNR,1000,48.5625,
2025-07-21_22-38_playful_xenon,latest_ema,10,dpm_solver_3,logSNR,1000,36.4375,
2025-07-21_22-38_playful_xenon,latest_ema,10,midpoint,time_uniform,1000,38.71875,
2025-07-23_15-24_sassy_unicorn_better_cnp,latest_ema,10,dpm_solver_3,logSNR,1000,36.09375,
2025-07-23_15-24_sassy_unicorn_better_cnp,latest_ema,10,midpoint,time_uniform,1000,35.625,
2025-07-21_22-38_playful_xenon,latest_ema,10,dpm_solver_3,time_uniform,1000,39.65625,
2025-07-23_15-24_sassy_unicorn_better_cnp,latest_ema,10,dpm_solver_3,time_uniform,1000,35.5625,
2025-07-21_22-38_playful_xenon,latest_ema,10,dpm_solver_2,time_uniform,1000,39.78125,
2025-07-23_15-24_sassy_unicorn_better_cnp,latest_ema,10,dpm_solver_2,time_uniform,1000,35.625,
2025-07-21_22-38_playful_xenon,latest_ema,10,dpm_solver_2,logSNR,1000,36.15625,
2025-07-23_15-24_sassy_unicorn_better_cnp,latest_ema,10,dpm_solver_2,logSNR,1000,35.71875,
2025-12-04_16-21_xenial_kangaroo,latest_ema,2,dpm_solver_3,time_uniform,1000,147.75,0.0
2025-12-04_16-21_xenial_kangaroo,latest_ema,2,dpm_solver_3,time_uniform,1000,113.5,0.01
2025-12-04_16-21_xenial_kangaroo,latest_ema,2,dpm_solver_3,time_uniform,1000,98.375,0.02
2025-12-04_16-21_xenial_kangaroo,latest_ema,2,dpm_solver_3,time_uniform,1000,77.5,0.05
2025-12-04_16-21_xenial_kangaroo,latest_ema,2,dpm_solver_3,time_uniform,1000,63.59375,0.1
2025-12-04_16-21_xenial_kangaroo,latest_ema,2,dpm_solver_3,time_uniform,1000,33.25,0.3
2025-12-04_16-21_xenial_kangaroo,latest_ema,2,dpm_solver_3,time_uniform,1000,18.3125,0.5
2025-12-04_16-21_xenial_kangaroo,latest_ema,2,dpm_solver_3,time_uniform,1000,5.26171875,0.8
2025-12-04_16-21_xenial_kangaroo,latest_ema,2,dpm_solver_3,time_uniform,1000,2.5390625,0.9
2025-12-04_16-21_xenial_kangaroo,latest_ema,2,dpm_solver_3,time_uniform,1000,1.46484375,0.95
2025-12-04_16-21_xenial_kangaroo,latest_ema,2,dpm_solver_3,time_uniform,1000,0.869140625,0.98
2025-12-04_16-21_xenial_kangaroo,latest_ema,2,dpm_solver_3,time_uniform,1000,0.6865234375,0.99
2025-12-04_16-21_xenial_kangaroo,latest_ema,4,dpm_solver_3,time_uniform,1000,76.0,0.0
2025-12-04_16-21_xenial_kangaroo,latest_ema,4,dpm_solver_3,time_uniform,1000,71.1875,0.01
2025-12-04_16-21_xenial_kangaroo,latest_ema,4,dpm_solver_3,time_uniform,1000,68.0,0.02
2025-12-04_16-21_xenial_kangaroo,latest_ema,4,dpm_solver_3,time_uniform,1000,58.15625,0.05
2025-12-04_16-21_xenial_kangaroo,latest_ema,4,dpm_solver_3,time_uniform,1000,51.15625,0.1
2025-12-04_16-21_xenial_kangaroo,latest_ema,4,dpm_solver_3,time_uniform,1000,31.359375,0.3
2025-12-04_16-21_xenial_kangaroo,latest_ema,4,dpm_solver_3,time_uniform,1000,18.34375,0.5
2025-12-04_16-21_xenial_kangaroo,latest_ema,4,dpm_solver_3,time_uniform,1000,5.40625,0.8
2025-12-04_16-21_xenial_kangaroo,latest_ema,4,dpm_solver_3,time_uniform,1000,2.5859375,0.9
2025-12-04_16-21_xenial_kangaroo,latest_ema,4,dpm_solver_3,time_uniform,1000,1.490234375,0.95
2025-12-04_16-21_xenial_kangaroo,latest_ema,4,dpm_solver_3,time_uniform,1000,0.873046875,0.98
2025-12-04_16-21_xenial_kangaroo,latest_ema,4,dpm_solver_3,time_uniform,1000,0.69140625,0.99
2025-12-04_16-21_xenial_kangaroo,latest_ema,6,dpm_solver_3,logSNR,1000,72.9375,0.0
2025-12-04_16-21_xenial_kangaroo,latest_ema,6,dpm_solver_3,logSNR,1000,62.03125,0.01
2025-12-04_16-21_xenial_kangaroo,latest_ema,6,dpm_solver_3,logSNR,1000,56.71875,0.02
2025-12-04_16-21_xenial_kangaroo,latest_ema,6,dpm_solver_3,logSNR,1000,47.46875,0.05
2025-12-04_16-21_xenial_kangaroo,latest_ema,6,dpm_solver_3,logSNR,1000,41.75,0.1
2025-12-04_16-21_xenial_kangaroo,latest_ema,6,dpm_solver_3,logSNR,1000,29.203125,0.3
2025-12-04_16-21_xenial_kangaroo,latest_ema,6,dpm_solver_3,logSNR,1000,19.578125,0.5
2025-12-04_16-21_xenial_kangaroo,latest_ema,6,dpm_solver_3,logSNR,1000,6.9921875,0.8
2025-12-04_16-21_xenial_kangaroo,latest_ema,6,dpm_solver_3,logSNR,1000,3.4453125,0.9
2025-12-04_16-21_xenial_kangaroo,latest_ema,6,dpm_solver_3,logSNR,1000,1.93359375,0.95
2025-12-04_16-21_xenial_kangaroo,latest_ema,6,dpm_solver_3,logSNR,1000,0.9921875,0.98
2025-12-04_16-21_xenial_kangaroo,latest_ema,6,dpm_solver_3,logSNR,1000,0.724609375,0.99
2025-12-04_16-21_xenial_kangaroo,latest_ema,8,dpm_solver_3,logSNR,1000,63.09375,0.0
2025-12-04_16-21_xenial_kangaroo,latest_ema,8,dpm_solver_3,logSNR,1000,55.21875,0.01
2025-12-04_16-21_xenial_kangaroo,latest_ema,8,dpm_solver_3,logSNR,1000,52.125,0.02
2025-12-04_16-21_xenial_kangaroo,latest_ema,8,dpm_solver_3,logSNR,1000,45.1875,0.05
2025-12-04_16-21_xenial_kangaroo,latest_ema,8,dpm_solver_3,logSNR,1000,40.46875,0.1
2025-12-04_16-21_xenial_kangaroo,latest_ema,8,dpm_solver_3,logSNR,1000,29.828125,0.3
2025-12-04_16-21_xenial_kangaroo,latest_ema,8,dpm_solver_3,logSNR,1000,21.03125,0.5
2025-12-04_16-21_xenial_kangaroo,latest_ema,8,dpm_solver_3,logSNR,1000,8.125,0.8
2025-12-04_16-21_xenial_kangaroo,latest_ema,8,dpm_solver_3,logSNR,1000,4.0390625,0.9
2025-12-04_16-21_xenial_kangaroo,latest_ema,8,dpm_solver_3,logSNR,1000,2.2265625,0.95
2025-12-04_16-21_xenial_kangaroo,latest_ema,8,dpm_solver_3,logSNR,1000,1.091796875,0.98
2025-12-04_16-21_xenial_kangaroo,latest_ema,8,dpm_solver_3,logSNR,1000,0.7578125,0.99
2025-12-04_16-21_xenial_kangaroo,latest_ema,12,dpm_solver_3,logSNR,1000,56.28125,0.0
2025-12-04_16-21_xenial_kangaroo,latest_ema,12,dpm_solver_3,logSNR,1000,52.28125,0.01
2025-12-04_16-21_xenial_kangaroo,latest_ema,12,dpm_solver_3,logSNR,1000,49.71875,0.02
2025-12-04_16-21_xenial_kangaroo,latest_ema,12,dpm_solver_3,logSNR,1000,44.28125,0.05
2025-12-04_16-21_xenial_kangaroo,latest_ema,12,dpm_solver_3,logSNR,1000,39.71875,0.1
2025-12-04_16-21_xenial_kangaroo,latest_ema,12,dpm_solver_3,logSNR,1000,28.921875,0.3
2025-12-04_16-21_xenial_kangaroo,latest_ema,12,dpm_solver_3,logSNR,1000,20.5625,0.5
2025-12-04_16-21_xenial_kangaroo,latest_ema,12,dpm_solver_3,logSNR,1000,8.1796875,0.8
2025-12-04_16-21_xenial_kangaroo,latest_ema,12,dpm_solver_3,logSNR,1000,4.16015625,0.9
2025-12-04_16-21_xenial_kangaroo,latest_ema,12,dpm_solver_3,logSNR,1000,2.310546875,0.95
2025-12-04_16-21_xenial_kangaroo,latest_ema,12,dpm_solver_3,logSNR,1000,1.1201171875,0.98
2025-12-04_16-21_xenial_kangaroo,latest_ema,12,dpm_solver_3,logSNR,1000,0.75,0.99
2025-12-04_16-21_xenial_kangaroo,latest_ema,20,dpm_solver_3,logSNR,1000,55.53125,0.0
2025-12-04_16-21_xenial_kangaroo,latest_ema,20,dpm_solver_3,logSNR,1000,51.53125,0.01
2025-12-04_16-21_xenial_kangaroo,latest_ema,20,dpm_solver_3,logSNR,1000,49.34375,0.02
2025-12-04_16-21_xenial_kangaroo,latest_ema,20,dpm_solver_3,logSNR,1000,43.8125,0.05
2025-12-04_16-21_xenial_kangaroo,latest_ema,20,dpm_solver_3,logSNR,1000,39.5,0.1
2025-12-04_16-21_xenial_kangaroo,latest_ema,20,dpm_solver_3,logSNR,1000,28.15625,0.3
2025-12-04_16-21_xenial_kangaroo,latest_ema,20,dpm_solver_3,logSNR,1000,19.546875,0.5
2025-12-04_16-21_xenial_kangaroo,latest_ema,20,dpm_solver_3,logSNR,1000,7.45703125,0.8
2025-12-04_16-21_xenial_kangaroo,latest_ema,20,dpm_solver_3,logSNR,1000,3.73046875,0.9
2025-12-04_16-21_xenial_kangaroo,latest_ema,20,dpm_solver_3,logSNR,1000,2.068359375,0.95
2025-12-04_16-21_xenial_kangaroo,latest_ema,20,dpm_solver_3,logSNR,1000,1.0048828125,0.98
2025-12-04_16-21_xenial_kangaroo,latest_ema,20,dpm_solver_3,logSNR,1000,0.6865234375,0.99
2025-12-04_16-21_xenial_kangaroo,latest_ema,50,dpm_solver_3,logSNR,1000,54.90625,0.0
2025-12-04_16-21_xenial_kangaroo,latest_ema,50,dpm_solver_3,logSNR,1000,51.59375,0.01
2025-12-04_16-21_xenial_kangaroo,latest_ema,50,dpm_solver_3,logSNR,1000,49.125,0.02
2025-12-04_16-21_xenial_kangaroo,latest_ema,50,dpm_solver_3,logSNR,1000,43.8125,0.05
2025-12-04_16-21_xenial_kangaroo,latest_ema,50,dpm_solver_3,logSNR,1000,39.3125,0.1
2025-12-04_16-21_xenial_kangaroo,latest_ema,50,dpm_solver_3,logSNR,1000,28.0,0.3
2025-12-04_16-21_xenial_kangaroo,latest_ema,50,dpm_solver_3,logSNR,1000,19.28125,0.5
2025-12-04_16-21_xenial_kangaroo,latest_ema,50,dpm_solver_3,logSNR,1000,7.2890625,0.8
2025-12-04_16-21_xenial_kangaroo,latest_ema,50,dpm_solver_3,logSNR,1000,3.6484375,0.9
2025-12-04_16-21_xenial_kangaroo,latest_ema,50,dpm_solver_3,logSNR,1000,2.048828125,0.95
2025-12-04_16-21_xenial_kangaroo,latest_ema,50,dpm_solver_3,logSNR,1000,1.025390625,0.98
2025-12-04_16-21_xenial_kangaroo,latest_ema,50,dpm_solver_3,logSNR,1000,0.7119140625,0.99
2025-12-04_16-21_xenial_kangaroo,latest_ema,100,dpm_solver_3,logSNR,1000,54.28125,0.0
2025-12-04_16-21_xenial_kangaroo,latest_ema,100,dpm_solver_3,logSNR,1000,50.34375,0.01
2025-12-04_16-21_xenial_kangaroo,latest_ema,100,dpm_solver_3,logSNR,1000,49.28125,0.02
2025-12-04_16-21_xenial_kangaroo,latest_ema,100,dpm_solver_3,logSNR,1000,43.59375,0.05
2025-12-04_16-21_xenial_kangaroo,latest_ema,100,dpm_solver_3,logSNR,1000,39.3125,0.1
2025-12-04_16-21_xenial_kangaroo,latest_ema,100,dpm_solver_3,logSNR,1000,28.0,0.3
2025-12-04_16-21_xenial_kangaroo,latest_ema,100,dpm_solver_3,logSNR,1000,19.28125,0.5
2025-12-04_16-21_xenial_kangaroo,latest_ema,100,dpm_solver_3,logSNR,1000,7.2890625,0.8
2025-12-04_16-21_xenial_kangaroo,latest_ema,100,dpm_solver_3,logSNR,1000,3.654296875,0.9
2025-12-04_16-21_xenial_kangaroo,latest_ema,100,dpm_solver_3,logSNR,1000,2.04296875,0.95
2025-12-04_16-21_xenial_kangaroo,latest_ema,100,dpm_solver_3,logSNR,1000,1.0224609375,0.98
2025-12-04_16-21_xenial_kangaroo,latest_ema,100,dpm_solver_3,logSNR,1000,0.7099609375,0.99
2025-12-04_16-21_xenial_kangaroo,latest_ema,2,midpoint,time_uniform,1000,145.875,0.0
2025-12-04_16-21_xenial_kangaroo,latest_ema,2,midpoint,time_uniform,1000,90.875,0.01
2025-12-04_16-21_xenial_kangaroo,latest_ema,2,midpoint,time_uniform,1000,76.0,0.02
2025-12-04_16-21_xenial_kangaroo,latest_ema,2,midpoint,time_uniform,1000,58.9375,0.05
2025-12-04_16-21_xenial_kangaroo,latest_ema,2,midpoint,time_uniform,1000,51.0625,0.1
2025-12-04_16-21_xenial_kangaroo,latest_ema,2,midpoint,time_uniform,1000,31.28125,0.3
2025-12-04_16-21_xenial_kangaroo,latest_ema,2,midpoint,time_uniform,1000,17.40625,0.5
2025-12-04_16-21_xenial_kangaroo,latest_ema,2,midpoint,time_uniform,1000,4.89453125,0.8
2025-12-04_16-21_xenial_kangaroo,latest_ema,2,midpoint,time_uniform,1000,2.3984375,0.9
2025-12-04_16-21_xenial_kangaroo,latest_ema,2,midpoint,time_uniform,1000,1.4697265625,0.95
2025-12-04_16-21_xenial_kangaroo,latest_ema,2,midpoint,time_uniform,1000,0.935546875,0.98
2025-12-04_16-21_xenial_kangaroo,latest_ema,2,midpoint,time_uniform,1000,0.779296875,0.99
2025-12-04_16-21_xenial_kangaroo,latest_ema,4,midpoint,time_uniform,1000,72.1875,0.0
2025-12-04_16-21_xenial_kangaroo,latest_ema,4,midpoint,time_uniform,1000,67.0625,0.01
2025-12-04_16-21_xenial_kangaroo,latest_ema,4,midpoint,time_uniform,1000,63.59375,0.02
2025-12-04_16-21_xenial_kangaroo,latest_ema,4,midpoint,time_uniform,1000,54.9375,0.05
2025-12-04_16-21_xenial_kangaroo,latest_ema,4,midpoint,time_uniform,1000,47.0625,0.1
2025-12-04_16-21_xenial_kangaroo,latest_ema,4,midpoint,time_uniform,1000,29.84375,0.3
2025-12-04_16-21_xenial_kangaroo,latest_ema,4,midpoint,time_uniform,1000,17.71875,0.5
2025-12-04_16-21_xenial_kangaroo,latest_ema,4,midpoint,time_uniform,1000,5.28515625,0.8
2025-12-04_16-21_xenial_kangaroo,latest_ema,4,midpoint,time_uniform,1000,2.541015625,0.9
2025-12-04_16-21_xenial_kangaroo,latest_ema,4,midpoint,time_uniform,1000,1.5146484375,0.95
2025-12-04_16-21_xenial_kangaroo,latest_ema,4,midpoint,time_uniform,1000,0.9248046875,0.98
2025-12-04_16-21_xenial_kangaroo,latest_ema,4,midpoint,time_uniform,1000,0.73486328125,0.99
2025-12-04_16-21_xenial_kangaroo,latest_ema,6,midpoint,time_uniform,1000,67.0625,0.0
2025-12-04_16-21_xenial_kangaroo,latest_ema,6,midpoint,time_uniform,1000,63.03125,0.01
2025-12-04_16-21_xenial_kangaroo,latest_ema,6,midpoint,time_uniform,1000,59.53125,0.02
2025-12-04_16-21_xenial_kangaroo,latest_ema,6,midpoint,time_uniform,1000,51.53125,0.05
2025-12-04_16-21_xenial_kangaroo,latest_ema,6,midpoint,time_uniform,1000,44.65625,0.1
2025-12-04_16-21_xenial_kangaroo,latest_ema,6,midpoint,time_uniform,1000,29.171875,0.3
2025-12-04_16-21_xenial_kangaroo,latest_ema,6,midpoint,time_uniform,1000,17.984375,0.5
2025-12-04_16-21_xenial_kangaroo,latest_ema,6,midpoint,time_uniform,1000,5.67578125,0.8
2025-12-04_16-21_xenial_kangaroo,latest_ema,6,midpoint,time_uniform,1000,2.724609375,0.9
2025-12-04_16-21_xenial_kangaroo,latest_ema,6,midpoint,time_uniform,1000,1.607421875,0.95
2025-12-04_16-21_xenial_kangaroo,latest_ema,6,midpoint,time_uniform,1000,0.92724609375,0.98
2025-12-04_16-21_xenial_kangaroo,latest_ema,6,midpoint,time_uniform,1000,0.73681640625,0.99
2025-12-04_16-21_xenial_kangaroo,latest_ema,8,midpoint,time_uniform,1000,64.3125,0.0
2025-12-04_16-21_xenial_kangaroo,latest_ema,8,midpoint,time_uniform,1000,60.8125,0.01
2025-12-04_16-21_xenial_kangaroo,latest_ema,8,midpoint,time_uniform,1000,56.90625,0.02
2025-12-04_16-21_xenial_kangaroo,latest_ema,8,midpoint,time_uniform,1000,49.65625,0.05
2025-12-04_16-21_xenial_kangaroo,latest_ema,8,midpoint,time_uniform,1000,43.40625,0.1
2025-12-04_16-21_xenial_kangaroo,latest_ema,8,midpoint,time_uniform,1000,28.765625,0.3
2025-12-04_16-21_xenial_kangaroo,latest_ema,8,midpoint,time_uniform,1000,18.109375,0.5
2025-12-04_16-21_xenial_kangaroo,latest_ema,8,midpoint,time_uniform,1000,5.96875,0.8
2025-12-04_16-21_xenial_kangaroo,latest_ema,8,midpoint,time_uniform,1000,2.884765625,0.9
2025-12-04_16-21_xenial_kangaroo,latest_ema,8,midpoint,time_uniform,1000,1.6875,0.95
2025-12-04_16-21_xenial_kangaroo,latest_ema,8,midpoint,time_uniform,1000,0.94775390625,0.98
2025-12-04_16-21_xenial_kangaroo,latest_ema,8,midpoint,time_uniform,1000,0.74365234375,0.99
2025-12-04_16-21_xenial_kangaroo,latest_ema,12,midpoint,time_uniform,1000,61.96875,0.0
2025-12-04_16-21_xenial_kangaroo,latest_ema,12,midpoint,time_uniform,1000,57.875,0.01
2025-12-04_16-21_xenial_kangaroo,latest_ema,12,midpoint,time_uniform,1000,54.5625,0.02
2025-12-04_16-21_xenial_kangaroo,latest_ema,12,midpoint,time_uniform,1000,47.8125,0.05
2025-12-04_16-21_xenial_kangaroo,latest_ema,12,midpoint,time_uniform,1000,42.03125,0.1
2025-12-04_16-21_xenial_kangaroo,latest_ema,12,midpoint,time_uniform,1000,28.28125,0.3
2025-12-04_16-21_xenial_kangaroo,latest_ema,12,midpoint,time_uniform,1000,18.21875,0.5
2025-12-04_16-21_xenial_kangaroo,latest_ema,12,midpoint,time_uniform,1000,6.296875,0.8
2025-12-04_16-21_xenial_kangaroo,latest_ema,12,midpoint,time_uniform,1000,3.091796875,0.9
2025-12-04_16-21_xenial_kangaroo,latest_ema,12,midpoint,time_uniform,1000,1.80078125,0.95
2025-12-04_16-21_xenial_kangaroo,latest_ema,12,midpoint,time_uniform,1000,0.97998046875,0.98
2025-12-04_16-21_xenial_kangaroo,latest_ema,12,midpoint,time_uniform,1000,0.73974609375,0.99
2025-12-04_16-21_xenial_kangaroo,latest_ema,20,midpoint,time_uniform,1000,59.0,0.0
2025-12-04_16-21_xenial_kangaroo,latest_ema,20,midpoint,time_uniform,1000,54.96875,0.01
2025-12-04_16-21_xenial_kangaroo,latest_ema,20,midpoint,time_uniform,1000,52.09375,0.02
2025-12-04_16-21_xenial_kangaroo,latest_ema,20,midpoint,time_uniform,1000,45.9375,0.05
2025-12-04_16-21_xenial_kangaroo,latest_ema,20,midpoint,time_uniform,1000,40.71875,0.1
2025-12-04_16-21_xenial_kangaroo,latest_ema,20,midpoint,time_uniform,1000,27.875,0.3
2025-12-04_16-21_xenial_kangaroo,latest_ema,20,midpoint,time_uniform,1000,18.3125,0.5
2025-12-04_16-21_xenial_kangaroo,latest_ema,20,midpoint,time_uniform,1000,6.59765625,0.8
2025-12-04_16-21_xenial_kangaroo,latest_ema,20,midpoint,time_uniform,1000,3.275390625,0.9
2025-12-04_16-21_xenial_kangaroo,latest_ema,20,midpoint,time_uniform,1000,1.8828125,0.95
2025-12-04_16-21_xenial_kangaroo,latest_ema,20,midpoint,time_uniform,1000,1.005859375,0.98
2025-12-04_16-21_xenial_kangaroo,latest_ema,20,midpoint,time_uniform,1000,0.73876953125,0.99
2025-12-04_16-21_xenial_kangaroo,latest_ema,50,midpoint,time_uniform,1000,55.90625,0.0
2025-12-04_16-21_xenial_kangaroo,latest_ema,50,midpoint,time_uniform,1000,51.875,0.01
2025-12-04_16-21_xenial_kangaroo,latest_ema,50,midpoint,time_uniform,1000,49.6875,0.02
2025-12-04_16-21_xenial_kangaroo,latest_ema,50,midpoint,time_uniform,1000,44.34375,0.05
2025-12-04_16-21_xenial_kangaroo,latest_ema,50,midpoint,time_uniform,1000,39.625,0.1
2025-12-04_16-21_xenial_kangaroo,latest_ema,50,midpoint,time_uniform,1000,27.53125,0.3
2025-12-04_16-21_xenial_kangaroo,latest_ema,50,midpoint,time_uniform,1000,18.375,0.5
2025-12-04_16-21_xenial_kangaroo,latest_ema,50,midpoint,time_uniform,1000,6.80859375,0.8
2025-12-04_16-21_xenial_kangaroo,latest_ema,50,midpoint,time_uniform,1000,3.423828125,0.9
2025-12-04_16-21_xenial_kangaroo,latest_ema,50,midpoint,time_uniform,1000,1.962890625,0.95
2025-12-04_16-21_xenial_kangaroo,latest_ema,50,midpoint,time_uniform,1000,1.037109375,0.98
2025-12-04_16-21_xenial_kangaroo,latest_ema,50,midpoint,time_uniform,1000,0.7451171875,0.99
2025-12-04_16-21_xenial_kangaroo,latest_ema,100,midpoint,time_uniform,1000,55.21875,0.0
2025-12-04_16-21_xenial_kangaroo,latest_ema,100,midpoint,time_uniform,1000,51.125,0.01
2025-12-04_16-21_xenial_kangaroo,latest_ema,100,midpoint,time_uniform,1000,49.125,0.02
2025-12-04_16-21_xenial_kangaroo,latest_ema,100,midpoint,time_uniform,1000,44.0,0.05
2025-12-04_16-21_xenial_kangaroo,latest_ema,100,midpoint,time_uniform,1000,39.40625,0.1
2025-12-04_16-21_xenial_kangaroo,latest_ema,100,midpoint,time_uniform,1000,27.5,0.3
2025-12-04_16-21_xenial_kangaroo,latest_ema,100,midpoint,time_uniform,1000,18.4375,0.5
2025-12-04_16-21_xenial_kangaroo,latest_ema,100,midpoint,time_uniform,1000,6.8828125,0.8
2025-12-04_16-21_xenial_kangaroo,latest_ema,100,midpoint,time_uniform,1000,3.474609375,0.9
2025-12-04_16-21_xenial_kangaroo,latest_ema,100,midpoint,time_uniform,1000,2.0,0.95
2025-12-04_16-21_xenial_kangaroo,latest_ema,100,midpoint,time_uniform,1000,1.0537109375,0.98
2025-12-04_16-21_xenial_kangaroo,latest_ema,100,midpoint,time_uniform,1000,0.74951171875,0.99
2025-12-06_10-11_brave_xenon,latest_ema,2,midpoint,time_uniform,1000,148.25,0.0
2025-12-06_10-11_brave_xenon,latest_ema,2,midpoint,time_uniform,1000,93.8125,0.01
2025-12-06_10-11_brave_xenon,latest_ema,2,midpoint,time_uniform,1000,77.625,0.02
2025-12-06_10-11_brave_xenon,latest_ema,2,midpoint,time_uniform,1000,58.9375,0.05
2025-12-06_10-11_brave_xenon,latest_ema,2,midpoint,time_uniform,1000,46.375,0.1
2025-12-06_10-11_brave_xenon,latest_ema,2,midpoint,time_uniform,1000,28.265625,0.3
2025-12-06_10-11_brave_xenon,latest_ema,2,midpoint,time_uniform,1000,18.484375,0.5
2025-12-06_10-11_brave_xenon,latest_ema,2,midpoint,time_uniform,1000,6.65625,0.8
2025-12-06_10-11_brave_xenon,latest_ema,2,midpoint,time_uniform,1000,3.38671875,0.9
2025-12-06_10-11_brave_xenon,latest_ema,2,midpoint,time_uniform,1000,1.9140625,0.95
2025-12-06_10-11_brave_xenon,latest_ema,2,midpoint,time_uniform,1000,1.0244140625,0.98
2025-12-06_10-11_brave_xenon,latest_ema,2,midpoint,time_uniform,1000,0.73779296875,0.99
2025-12-06_10-11_brave_xenon,latest_ema,4,midpoint,time_uniform,1000,84.5,0.0
2025-12-06_10-11_brave_xenon,latest_ema,4,midpoint,time_uniform,1000,63.34375,0.01
2025-12-06_10-11_brave_xenon,latest_ema,4,midpoint,time_uniform,1000,56.28125,0.02
2025-12-06_10-11_brave_xenon,latest_ema,4,midpoint,time_uniform,1000,48.5625,0.05
2025-12-06_10-11_brave_xenon,latest_ema,4,midpoint,time_uniform,1000,41.09375,0.1
2025-12-06_10-11_brave_xenon,latest_ema,4,midpoint,time_uniform,1000,28.09375,0.3
2025-12-06_10-11_brave_xenon,latest_ema,4,midpoint,time_uniform,1000,19.1875,0.5
2025-12-06_10-11_brave_xenon,latest_ema,4,midpoint,time_uniform,1000,7.07421875,0.8
2025-12-06_10-11_brave_xenon,latest_ema,4,midpoint,time_uniform,1000,3.546875,0.9
2025-12-06_10-11_brave_xenon,latest_ema,4,midpoint,time_uniform,1000,1.96875,0.95
2025-12-06_10-11_brave_xenon,latest_ema,4,midpoint,time_uniform,1000,1.03125,0.98
2025-12-06_10-11_brave_xenon,latest_ema,4,midpoint,time_uniform,1000,0.71875,0.99
2025-12-06_10-11_brave_xenon,latest_ema,6,midpoint,time_uniform,1000,75.25,0.0
2025-12-06_10-11_brave_xenon,latest_ema,6,midpoint,time_uniform,1000,57.875,0.01
2025-12-06_10-11_brave_xenon,latest_ema,6,midpoint,time_uniform,1000,52.78125,0.02
2025-12-06_10-11_brave_xenon,latest_ema,6,midpoint,time_uniform,1000,46.375,0.05
2025-12-06_10-11_brave_xenon,latest_ema,6,midpoint,time_uniform,1000,40.40625,0.1
2025-12-06_10-11_brave_xenon,latest_ema,6,midpoint,time_uniform,1000,28.21875,0.3
2025-12-06_10-11_brave_xenon,latest_ema,6,midpoint,time_uniform,1000,19.375,0.5
2025-12-06_10-11_brave_xenon,latest_ema,6,midpoint,time_uniform,1000,7.1640625,0.8
2025-12-06_10-11_brave_xenon,latest_ema,6,midpoint,time_uniform,1000,3.58203125,0.9
2025-12-06_10-11_brave_xenon,latest_ema,6,midpoint,time_uniform,1000,1.990234375,0.95
2025-12-06_10-11_brave_xenon,latest_ema,6,midpoint,time_uniform,1000,1.0400390625,0.98
2025-12-06_10-11_brave_xenon,latest_ema,6,midpoint,time_uniform,1000,0.72265625,0.99
2025-12-06_10-11_brave_xenon,latest_ema,8,midpoint,time_uniform,1000,72.875,0.0
2025-12-06_10-11_brave_xenon,latest_ema,8,midpoint,time_uniform,1000,56.4375,0.01
2025-12-06_10-11_brave_xenon,latest_ema,8,midpoint,time_uniform,1000,51.5,0.02
2025-12-06_10-11_brave_xenon,latest_ema,8,midpoint,time_uniform,1000,45.9375,0.05
2025-12-06_10-11_brave_xenon,latest_ema,8,midpoint,time_uniform,1000,40.28125,0.1
2025-12-06_10-11_brave_xenon,latest_ema,8,midpoint,time_uniform,1000,28.296875,0.3
2025-12-06_10-11_brave_xenon,latest_ema,8,midpoint,time_uniform,1000,19.453125,0.5
2025-12-06_10-11_brave_xenon,latest_ema,8,midpoint,time_uniform,1000,7.203125,0.8
2025-12-06_10-11_brave_xenon,latest_ema,8,midpoint,time_uniform,1000,3.59375,0.9
2025-12-06_10-11_brave_xenon,latest_ema,8,midpoint,time_uniform,1000,2.01171875,0.95
2025-12-06_10-11_brave_xenon,latest_ema,8,midpoint,time_uniform,1000,1.046875,0.98
2025-12-06_10-11_brave_xenon,latest_ema,8,midpoint,time_uniform,1000,0.734375,0.99
2025-12-06_10-11_brave_xenon,latest_ema,12,midpoint,time_uniform,1000,71.0,0.0
2025-12-06_10-11_brave_xenon,latest_ema,12,midpoint,time_uniform,1000,55.09375,0.01
2025-12-06_10-11_brave_xenon,latest_ema,12,midpoint,time_uniform,1000,50.53125,0.02
2025-12-06_10-11_brave_xenon,latest_ema,12,midpoint,time_uniform,1000,45.40625,0.05
2025-12-06_10-11_brave_xenon,latest_ema,12,midpoint,time_uniform,1000,40.15625,0.1
2025-12-06_10-11_brave_xenon,latest_ema,12,midpoint,time_uniform,1000,28.328125,0.3
2025-12-06_10-11_brave_xenon,latest_ema,12,midpoint,time_uniform,1000,19.5,0.5
2025-12-06_10-11_brave_xenon,latest_ema,12,midpoint,time_uniform,1000,7.2421875,0.8
2025-12-06_10-11_brave_xenon,latest_ema,12,midpoint,time_uniform,1000,3.619140625,0.9
2025-12-06_10-11_brave_xenon,latest_ema,12,midpoint,time_uniform,1000,2.0234375,0.95
2025-12-06_10-11_brave_xenon,latest_ema,12,midpoint,time_uniform,1000,1.0556640625,0.98
2025-12-06_10-11_brave_xenon,latest_ema,12,midpoint,time_uniform,1000,0.7421875,0.99
2025-12-06_10-11_brave_xenon,latest_ema,20,midpoint,time_uniform,1000,64.8125,0.0
2025-12-06_10-11_brave_xenon,latest_ema,20,midpoint,time_uniform,1000,53.84375,0.01
2025-12-06_10-11_brave_xenon,latest_ema,20,midpoint,time_uniform,1000,50.1875,0.02
2025-12-06_10-11_brave_xenon,latest_ema,20,midpoint,time_uniform,1000,44.90625,0.05
2025-12-06_10-11_brave_xenon,latest_ema,20,midpoint,time_uniform,1000,39.90625,0.1
2025-12-06_10-11_brave_xenon,latest_ema,20,midpoint,time_uniform,1000,28.5625,0.3
2025-12-06_10-11_brave_xenon,latest_ema,20,midpoint,time_uniform,1000,19.609375,0.5
2025-12-06_10-11_brave_xenon,latest_ema,20,midpoint,time_uniform,1000,7.26953125,0.8
2025-12-06_10-11_brave_xenon,latest_ema,20,midpoint,time_uniform,1000,3.6484375,0.9
2025-12-06_10-11_brave_xenon,latest_ema,20,midpoint,time_uniform,1000,2.025390625,0.95
2025-12-06_10-11_brave_xenon,latest_ema,20,midpoint,time_uniform,1000,1.0634765625,0.98
2025-12-06_10-11_brave_xenon,latest_ema,20,midpoint,time_uniform,1000,0.75537109375,0.99
2025-12-06_10-11_brave_xenon,latest_ema,50,midpoint,time_uniform,1000,63.28125,0.0
2025-12-06_10-11_brave_xenon,latest_ema,50,midpoint,time_uniform,1000,53.28125,0.01
2025-12-06_10-11_brave_xenon,latest_ema,50,midpoint,time_uniform,1000,49.6875,0.02
2025-12-06_10-11_brave_xenon,latest_ema,50,midpoint,time_uniform,1000,44.65625,0.05
2025-12-06_10-11_brave_xenon,latest_ema,50,midpoint,time_uniform,1000,39.875,0.1
2025-12-06_10-11_brave_xenon,latest_ema,50,midpoint,time_uniform,1000,28.46875,0.3
2025-12-06_10-11_brave_xenon,latest_ema,50,midpoint,time_uniform,1000,19.546875,0.5
2025-12-06_10-11_brave_xenon,latest_ema,50,midpoint,time_uniform,1000,7.265625,0.8
2025-12-06_10-11_brave_xenon,latest_ema,50,midpoint,time_uniform,1000,3.658203125,0.9
2025-12-06_10-11_brave_xenon,latest_ema,50,midpoint,time_uniform,1000,2.044921875,0.95
2025-12-06_10-11_brave_xenon,latest_ema,50,midpoint,time_uniform,1000,1.0810546875,0.98
2025-12-06_10-11_brave_xenon,latest_ema,50,midpoint,time_uniform,1000,0.7705078125,0.99
2025-12-06_10-11_brave_xenon,latest_ema,100,midpoint,time_uniform,1000,63.34375,0.0
2025-12-06_10-11_brave_xenon,latest_ema,100,midpoint,time_uniform,1000,52.78125,0.01
2025-12-06_10-11_brave_xenon,latest_ema,100,midpoint,time_uniform,1000,49.46875,0.02
2025-12-06_10-11_brave_xenon,latest_ema,100,midpoint,time_uniform,1000,44.9375,0.05
2025-12-06_10-11_brave_xenon,latest_ema,100,midpoint,time_uniform,1000,39.71875,0.1
2025-12-06_10-11_brave_xenon,latest_ema,100,midpoint,time_uniform,1000,28.46875,0.3
2025-12-06_10-11_brave_xenon,latest_ema,100,midpoint,time_uniform,1000,19.546875,0.5
2025-12-06_10-11_brave_xenon,latest_ema,100,midpoint,time_uniform,1000,7.30078125,0.8
2025-12-06_10-11_brave_xenon,latest_ema,100,midpoint,time_uniform,1000,3.671875,0.9
2025-12-06_10-11_brave_xenon,latest_ema,100,midpoint,time_uniform,1000,2.048828125,0.95
2025-12-06_10-11_brave_xenon,latest_ema,100,midpoint,time_uniform,1000,1.087890625,0.98
2025-12-06_10-11_brave_xenon,latest_ema,100,midpoint,time_uniform,1000,0.775390625,0.99
new_warmth_scaling_e2e_0_100,latest,2,midpoint,time_uniform,1000,171.5,0.0
new_warmth_scaling_e2e_0_100,latest,2,midpoint,time_uniform,1000,101.0625,0.01
new_warmth_scaling_e2e_0_100,latest,2,midpoint,time_uniform,1000,76.75,0.02
new_warmth_scaling_e2e_0_100,latest,2,midpoint,time_uniform,1000,51.46875,0.05
new_warmth_scaling_e2e_0_100,latest,2,midpoint,time_uniform,1000,38.65625,0.1
new_warmth_scaling_e2e_0_100,latest,2,midpoint,time_uniform,1000,24.515625,0.3
new_warmth_scaling_e2e_0_100,latest,2,midpoint,time_uniform,1000,16.953125,0.5
new_warmth_scaling_e2e_0_100,latest,2,midpoint,time_uniform,1000,7.3046875,0.8
new_warmth_scaling_e2e_0_100,latest,2,midpoint,time_uniform,1000,4.1484375,0.9
new_warmth_scaling_e2e_0_100,latest,2,midpoint,time_uniform,1000,2.97265625,0.95
new_warmth_scaling_e2e_0_100,latest,2,midpoint,time_uniform,1000,4.10546875,0.98
new_warmth_scaling_e2e_0_100,latest,2,midpoint,time_uniform,1000,7.6015625,0.99
new_warmth_scaling_e2e_0_100,latest,4,midpoint,time_uniform,1000,142.625,0.0
new_warmth_scaling_e2e_0_100,latest,4,midpoint,time_uniform,1000,71.375,0.01
new_warmth_scaling_e2e_0_100,latest,4,midpoint,time_uniform,1000,60.46875,0.02
new_warmth_scaling_e2e_0_100,latest,4,midpoint,time_uniform,1000,45.40625,0.05
new_warmth_scaling_e2e_0_100,latest,4,midpoint,time_uniform,1000,36.34375,0.1
new_warmth_scaling_e2e_0_100,latest,4,midpoint,time_uniform,1000,24.671875,0.3
new_warmth_scaling_e2e_0_100,latest,4,midpoint,time_uniform,1000,17.84375,0.5
new_warmth_scaling_e2e_0_100,latest,4,midpoint,time_uniform,1000,7.83984375,0.8
new_warmth_scaling_e2e_0_100,latest,4,midpoint,time_uniform,1000,4.30078125,0.9
new_warmth_scaling_e2e_0_100,latest,4,midpoint,time_uniform,1000,2.671875,0.95
new_warmth_scaling_e2e_0_100,latest,4,midpoint,time_uniform,1000,2.37109375,0.98
new_warmth_scaling_e2e_0_100,latest,4,midpoint,time_uniform,1000,4.10546875,0.99
new_warmth_scaling_e2e_0_100,latest,6,midpoint,time_uniform,1000,138.625,0.0
new_warmth_scaling_e2e_0_100,latest,6,midpoint,time_uniform,1000,69.375,0.01
new_warmth_scaling_e2e_0_100,latest,6,midpoint,time_uniform,1000,58.28125,0.02
new_warmth_scaling_e2e_0_100,latest,6,midpoint,time_uniform,1000,44.1875,0.05
new_warmth_scaling_e2e_0_100,latest,6,midpoint,time_uniform,1000,36.09375,0.1
new_warmth_scaling_e2e_0_100,latest,6,midpoint,time_uniform,1000,24.75,0.3
new_warmth_scaling_e2e_0_100,latest,6,midpoint,time_uniform,1000,18.03125,0.5
new_warmth_scaling_e2e_0_100,latest,6,midpoint,time_uniform,1000,7.96875,0.8
new_warmth_scaling_e2e_0_100,latest,6,midpoint,time_uniform,1000,4.38671875,0.9
new_warmth_scaling_e2e_0_100,latest,6,midpoint,time_uniform,1000,2.7109375,0.95
new_warmth_scaling_e2e_0_100,latest,6,midpoint,time_uniform,1000,2.271484375,0.98
new_warmth_scaling_e2e_0_100,latest,6,midpoint,time_uniform,1000,3.658203125,0.99
new_warmth_scaling_e2e_0_100,latest,8,midpoint,time_uniform,1000,135.5,0.0
new_warmth_scaling_e2e_0_100,latest,8,midpoint,time_uniform,1000,68.125,0.01
new_warmth_scaling_e2e_0_100,latest,8,midpoint,time_uniform,1000,57.34375,0.02
new_warmth_scaling_e2e_0_100,latest,8,midpoint,time_uniform,1000,43.90625,0.05
new_warmth_scaling_e2e_0_100,latest,8,midpoint,time_uniform,1000,36.09375,0.1
new_warmth_scaling_e2e_0_100,latest,8,midpoint,time_uniform,1000,24.8125,0.3
new_warmth_scaling_e2e_0_100,latest,8,midpoint,time_uniform,1000,18.125,0.5
new_warmth_scaling_e2e_0_100,latest,8,midpoint,time_uniform,1000,8.0390625,0.8
new_warmth_scaling_e2e_0_100,latest,8,midpoint,time_uniform,1000,4.4375,0.9
new_warmth_scaling_e2e_0_100,latest,8,midpoint,time_uniform,1000,2.75390625,0.95
new_warmth_scaling_e2e_0_100,latest,8,midpoint,time_uniform,1000,2.265625,0.98
new_warmth_scaling_e2e_0_100,latest,8,midpoint,time_uniform,1000,3.62890625,0.99
new_warmth_scaling_e2e_0_100,latest,12,midpoint,time_uniform,1000,133.5,0.0
new_warmth_scaling_e2e_0_100,latest,12,midpoint,time_uniform,1000,67.375,0.01
new_warmth_scaling_e2e_0_100,latest,12,midpoint,time_uniform,1000,56.59375,0.02
new_warmth_scaling_e2e_0_100,latest,12,midpoint,time_uniform,1000,43.6875,0.05
new_warmth_scaling_e2e_0_100,latest,12,midpoint,time_uniform,1000,36.0625,0.1
new_warmth_scaling_e2e_0_100,latest,12,midpoint,time_uniform,1000,24.859375,0.3
new_warmth_scaling_e2e_0_100,latest,12,midpoint,time_uniform,1000,18.1875,0.5
new_warmth_scaling_e2e_0_100,latest,12,midpoint,time_uniform,1000,8.0859375,0.8
new_warmth_scaling_e2e_0_100,latest,12,midpoint,time_uniform,1000,4.48828125,0.9
new_warmth_scaling_e2e_0_100,latest,12,midpoint,time_uniform,1000,2.78125,0.95
new_warmth_scaling_e2e_0_100,latest,12,midpoint,time_uniform,1000,1.3388671875,0.98
new_warmth_scaling_e2e_0_100,latest,12,midpoint,time_uniform,1000,1.3720703125,0.99
new_warmth_scaling_e2e_0_100,latest,20,midpoint,time_uniform,1000,119.8125,0.0
new_warmth_scaling_e2e_0_100,latest,20,midpoint,time_uniform,1000,62.75,0.01
new_warmth_scaling_e2e_0_100,latest,20,midpoint,time_uniform,1000,53.03125,0.02
new_warmth_scaling_e2e_0_100,latest,20,midpoint,time_uniform,1000,42.59375,0.05
new_warmth_scaling_e2e_0_100,latest,20,midpoint,time_uniform,1000,35.53125,0.1
new_warmth_scaling_e2e_0_100,latest,20,midpoint,time_uniform,1000,24.734375,0.3
new_warmth_scaling_e2e_0_100,latest,20,midpoint,time_uniform,1000,17.921875,0.5
new_warmth_scaling_e2e_0_100,latest,20,midpoint,time_uniform,1000,7.62890625,0.8
new_warmth_scaling_e2e_0_100,latest,20,midpoint,time_uniform,1000,4.09765625,0.9
new_warmth_scaling_e2e_0_100,latest,20,midpoint,time_uniform,1000,2.345703125,0.95
new_warmth_scaling_e2e_0_100,latest,20,midpoint,time_uniform,1000,1.3447265625,0.98
new_warmth_scaling_e2e_0_100,latest,20,midpoint,time_uniform,1000,1.388671875,0.99
new_warmth_scaling_e2e_0_100,latest,50,midpoint,time_uniform,1000,118.6875,0.0
new_warmth_scaling_e2e_0_100,latest,50,midpoint,time_uniform,1000,62.59375,0.01
new_warmth_scaling_e2e_0_100,latest,50,midpoint,time_uniform,1000,52.6875,0.02
new_warmth_scaling_e2e_0_100,latest,50,midpoint,time_uniform,1000,42.625,0.05
new_warmth_scaling_e2e_0_100,latest,50,midpoint,time_uniform,1000,35.5,0.1
new_warmth_scaling_e2e_0_100,latest,50,midpoint,time_uniform,1000,24.75,0.3
new_warmth_scaling_e2e_0_100,latest,50,midpoint,time_uniform,1000,17.9375,0.5
new_warmth_scaling_e2e_0_100,latest,50,midpoint,time_uniform,1000,7.64453125,0.8
new_warmth_scaling_e2e_0_100,latest,50,midpoint,time_uniform,1000,4.10546875,0.9
new_warmth_scaling_e2e_0_100,latest,50,midpoint,time_uniform,1000,2.349609375,0.95
new_warmth_scaling_e2e_0_100,latest,50,midpoint,time_uniform,1000,1.34375,0.98
new_warmth_scaling_e2e_0_100,latest,50,midpoint,time_uniform,1000,1.3837890625,0.99
new_warmth_scaling_e2e_0_100,latest,2,midpoint,time_uniform,1000,240.75,0.0
new_warmth_scaling_e2e_0_100,latest,2,midpoint,time_uniform,1000,99.8125,0.01
new_warmth_scaling_e2e_0_100,latest,2,midpoint,time_uniform,1000,77.1875,0.02
new_warmth_scaling_e2e_0_100,latest,2,midpoint,time_uniform,1000,50.65625,0.05
new_warmth_scaling_e2e_0_100,latest,2,midpoint,time_uniform,1000,38.59375,0.1
new_warmth_scaling_e2e_0_100,latest,2,midpoint,time_uniform,1000,23.65625,0.3
new_warmth_scaling_e2e_0_100,latest,2,midpoint,time_uniform,1000,16.0,0.5
new_warmth_scaling_e2e_0_100,latest,2,midpoint,time_uniform,1000,6.4453125,0.8
new_warmth_scaling_e2e_0_100,latest,2,midpoint,time_uniform,1000,3.353515625,0.9
new_warmth_scaling_e2e_0_100,latest,2,midpoint,time_uniform,1000,1.83984375,0.95
new_warmth_scaling_e2e_0_100,latest,2,midpoint,time_uniform,1000,0.9013671875,0.98
new_warmth_scaling_e2e_0_100,latest,2,midpoint,time_uniform,1000,0.62109375,0.99
new_warmth_scaling_e2e_0_100,latest,4,midpoint,time_uniform,1000,82.125,0.0
new_warmth_scaling_e2e_0_100,latest,4,midpoint,time_uniform,1000,66.875,0.01
new_warmth_scaling_e2e_0_100,latest,4,midpoint,time_uniform,1000,59.59375,0.02
new_warmth_scaling_e2e_0_100,latest,4,midpoint,time_uniform,1000,44.375,0.05
new_warmth_scaling_e2e_0_100,latest,4,midpoint,time_uniform,1000,36.15625,0.1
new_warmth_scaling_e2e_0_100,latest,4,midpoint,time_uniform,1000,23.65625,0.3
new_warmth_scaling_e2e_0_100,latest,4,midpoint,time_uniform,1000,16.71875,0.5
new_warmth_scaling_e2e_0_100,latest,4,midpoint,time_uniform,1000,6.921875,0.8
new_warmth_scaling_e2e_0_100,latest,4,midpoint,time_uniform,1000,3.560546875,0.9
new_warmth_scaling_e2e_0_100,latest,4,midpoint,time_uniform,1000,1.9072265625,0.95
new_warmth_scaling_e2e_0_100,latest,4,midpoint,time_uniform,1000,0.87841796875,0.98
new_warmth_scaling_e2e_0_100,latest,4,midpoint,time_uniform,1000,0.56396484375,0.99
new_warmth_scaling_e2e_0_100,latest,6,midpoint,time_uniform,1000,80.375,0.0
new_warmth_scaling_e2e_0_100,latest,6,midpoint,time_uniform,1000,62.6875,0.01
new_warmth_scaling_e2e_0_100,latest,6,midpoint,time_uniform,1000,56.21875,0.02
new_warmth_scaling_e2e_0_100,latest,6,midpoint,time_uniform,1000,43.3125,0.05
new_warmth_scaling_e2e_0_100,latest,6,midpoint,time_uniform,1000,35.78125,0.1
new_warmth_scaling_e2e_0_100,latest,6,midpoint,time_uniform,1000,23.75,0.3
new_warmth_scaling_e2e_0_100,latest,6,midpoint,time_uniform,1000,16.875,0.5
new_warmth_scaling_e2e_0_100,latest,6,midpoint,time_uniform,1000,6.9765625,0.8
new_warmth_scaling_e2e_0_100,latest,6,midpoint,time_uniform,1000,3.58203125,0.9
new_warmth_scaling_e2e_0_100,latest,6,midpoint,time_uniform,1000,1.9267578125,0.95
new_warmth_scaling_e2e_0_100,latest,6,midpoint,time_uniform,1000,0.88330078125,0.98
new_warmth_scaling_e2e_0_100,latest,6,midpoint,time_uniform,1000,0.56689453125,0.99
new_warmth_scaling_e2e_0_100,latest,8,midpoint,time_uniform,1000,79.1875,0.0
new_warmth_scaling_e2e_0_100,latest,8,midpoint,time_uniform,1000,61.5625,0.01
new_warmth_scaling_e2e_0_100,latest,8,midpoint,time_uniform,1000,54.65625,0.02
new_warmth_scaling_e2e_0_100,latest,8,midpoint,time_uniform,1000,42.875,0.05
new_warmth_scaling_e2e_0_100,latest,8,midpoint,time_uniform,1000,35.65625,0.1
new_warmth_scaling_e2e_0_100,latest,8,midpoint,time_uniform,1000,23.796875,0.3
new_warmth_scaling_e2e_0_100,latest,8,midpoint,time_uniform,1000,16.921875,0.5
new_warmth_scaling_e2e_0_100,latest,8,midpoint,time_uniform,1000,7.01171875,0.8
new_warmth_scaling_e2e_0_100,latest,8,midpoint,time_uniform,1000,3.607421875,0.9
new_warmth_scaling_e2e_0_100,latest,8,midpoint,time_uniform,1000,1.9345703125,0.95
new_warmth_scaling_e2e_0_100,latest,8,midpoint,time_uniform,1000,0.8896484375,0.98
new_warmth_scaling_e2e_0_100,latest,8,midpoint,time_uniform,1000,0.5712890625,0.99
new_warmth_scaling_e2e_0_100,latest,12,midpoint,time_uniform,1000,77.4375,0.0
new_warmth_scaling_e2e_0_100,latest,12,midpoint,time_uniform,1000,60.5625,0.01
new_warmth_scaling_e2e_0_100,latest,12,midpoint,time_uniform,1000,53.28125,0.02
new_warmth_scaling_e2e_0_100,latest,12,midpoint,time_uniform,1000,42.65625,0.05
new_warmth_scaling_e2e_0_100,latest,12,midpoint,time_uniform,1000,35.625,0.1
new_warmth_scaling_e2e_0_100,latest,12,midpoint,time_uniform,1000,23.84375,0.3
new_warmth_scaling_e2e_0_100,latest,12,midpoint,time_uniform,1000,16.96875,0.5
new_warmth_scaling_e2e_0_100,latest,12,midpoint,time_uniform,1000,7.04296875,0.8
new_warmth_scaling_e2e_0_100,latest,12,midpoint,time_uniform,1000,3.630859375,0.9
new_warmth_scaling_e2e_0_100,latest,12,midpoint,time_uniform,1000,1.951171875,0.95
new_warmth_scaling_e2e_0_100,latest,12,midpoint,time_uniform,1000,0.90576171875,0.98
new_warmth_scaling_e2e_0_100,latest,12,midpoint,time_uniform,1000,0.57958984375,0.99
2025-12-21_18-30_delightful_lion,latest_ema,2,midpoint,time_uniform,50000,8.3203125,
2025-12-21_18-30_delightful_lion,latest_ema,2,dpm_solver_3,time_uniform,50000,12.4765625,
2025-12-21_18-30_delightful_lion,latest_ema,4,midpoint,time_uniform,50000,8.46875,
